	a1_1_01	a1_1_02	a1_1_03	a1_1_04	a1_1_05	a1_2_01	a1_2_02	a1_2_03	a1_2_04	a1_2_05	a4_1_01	a4_1_02	a4_1_03	a4_1_04	a4_1_05	a4_2_01	a4_2_02	a4_2_03	a4_2_04	a4_2_05	con1	con2	con3
3a923ceadde4506328d0e352a3027a75	27	46	40	42	45	83	98	76	0	47	62	21	19	23	79	462	290	33	27	10	0	0	0
8c7d9b2e2bccc4eb3aa575c964e27158	0	0	0	0	0	0	0	0	0	0	0	0	0	0	0	0	0	0	0	0	61	0	0
8fcfb6bd89382ab68cc18226b05d7cdd	0	0	0	0	0	0	0	0	0	0	4	0	0	0	0	0	6	0	0	0	0	0	0
dd5a59afc2cff7f8e78604872e07bcab	52	29	257	0	15	18	202	43	24	11	0	0	0	0	0	0	0	140	0	18	0	0	0
4c22be7908a02235df4ca73a4b470626	0	0	0	0	0	0	0	0	0	0	0	0	0	0	0	0	0	7	0	0	0	0	0
c4a284a4802526b8d13df9402c91d32b	242	0	0	7	12	0	0	0	0	30	0	0	0	0	0	0	0	0	0	0	0	0	0
b222fee3b1b5497222852d4f1e79713b	0	0	0	0	0	0	0	0	0	0	0	0	0	0	0	2	0	0	0	0	0	0	0
d506c43c84f7ec0c561c0a425e99fa83	60	31	23	144	90	0	0	28	0	36	66	63	177	170	170	47	571	0	0	26	0	118	64
00dc53666c2365448021417f36df12c7	0	0	0	0	0	0	0	0	0	0	3	5	4	0	0	0	0	0	0	0	0	0	0
6e167443324453f67c7d2baa71efcae1	0	0	0	0	4	0	0	0	0	0	15	0	0	0	0	0	0	0	0	0	0	0	0
18dc0f205ea1bd411d38d4da7c881750	0	0	0	0	0	0	0	0	0	0	0	0	0	0	0	0	0	0	0	0	0	0	75
71df4ac3e58958b788c4f2ce6dceecd1	24	38	0	0	0	0	0	44	0	0	0	0	9	0	0	0	0	0	0	0	0	0	0
1d76e477fa5e26b2607547244aeb514d	80	73	58	179	94	0	15	0	0	13	175	114	31	21	12	17	0	0	0	7	0	0	0
b51021695644a82911718bc115ee3aaa	0	47	24	0	0	0	0	56	0	17	0	0	0	0	0	94	0	25	0	0	0	0	0
2832a0bcf6ae6d1d6c9e67822301c207	44	118	271	35	0	0	0	0	7	0	97	112	58	42	0	0	0	0	0	0	0	0	0
6ed2b0b5a1e3e9de62608d2feb43b790	0	0	0	0	0	0	0	0	0	0	0	67	0	0	0	0	0	0	0	0	0	0	0
a13e7e07ecfc46d277fddc785977fba3	0	0	0	0	0	0	0	0	0	0	0	0	0	0	0	0	0	0	0	0	0	0	16
1bd067cdc811a32e74f74c6506a82932	0	0	0	0	0	0	0	0	0	11	0	0	0	0	0	0	0	0	0	0	0	0	0
e82296843639d9044e7f161d5628873e	1135	2159	7	34	13	0	0	0	0	0	0	0	15	23	0	0	0	0	0	0	0	0	0
510f5387eeff0aa888d07a38253c50ea	0	0	0	0	0	0	0	0	0	0	0	0	0	0	0	0	0	0	0	0	0	33	0
3095a76b128713e5d113f635e336d1c0	11	13	0	0	0	0	0	0	0	0	0	0	0	0	0	0	0	0	0	0	0	0	0
9e17939d81996efda3489204b13b510c	0	0	0	0	0	0	0	0	0	0	0	0	0	0	0	0	0	0	0	0	0	0	244
c533adcdca0b3dd7de5de2844bd522b5	0	0	32	0	0	0	0	0	0	0	0	0	0	0	0	0	0	0	0	0	0	0	0
6d74940ef9190fccf501134156ac7f98	0	0	0	0	0	0	0	0	0	0	0	0	0	0	0	0	0	0	0	0	0	0	62
5c5a977be958c68fd187e9ed790589a7	0	0	0	0	0	0	0	0	0	0	0	4	0	0	0	0	0	0	0	0	0	0	0
3067a020322674dc3d6247b83ffa89a0	0	0	0	0	0	199	0	0	0	509	0	75	0	0	0	0	68	142	147	1749	0	0	0
1ea842744639f7cd6468a2a422af90a7	0	0	0	0	0	0	0	0	0	3	0	0	0	0	0	0	0	0	0	0	0	0	0
f380e6f4c11cc284c9a0072f92d57777	0	0	0	0	0	0	0	0	0	0	0	0	0	0	0	0	0	0	0	0	0	54	0
0eeda2dcbee4bbb2d4544e1847666ea2	0	0	0	0	23	0	0	0	0	0	0	0	0	0	0	0	0	0	0	0	0	0	0
5228aabd326e30c75915922987dbc1cf	0	0	0	0	0	0	0	0	0	0	32	0	0	0	0	0	0	0	0	0	0	0	0
0e1d230e0d69495267466132508f9361	8	72	106	16	7	252	0	0	0	40	24	14	14	26	0	0	21	0	8	0	0	0	0
ae3fc4143801199d16267e2ec2d57f4b	0	9	0	0	0	0	0	0	0	0	0	0	0	0	0	0	0	0	0	0	0	0	0
227d52e88077e8379fb076101a33eb3f	0	0	0	0	0	0	0	0	0	0	0	0	4	0	0	0	0	0	0	0	0	0	0
23e4dc920ecf5260d5d27e937f745f96	0	0	13	0	0	0	0	0	0	0	0	0	0	0	0	0	0	0	0	0	0	0	0
4b5a0888230a2f16586b9ef51b73ebcf	0	0	0	0	0	0	0	0	0	0	0	0	0	0	0	0	0	344	0	0	0	0	25
7d002daa5238f63e93fbeff1487c3868	26	23	45	143	34	176	58	114	54	39	11	0	113	66	10	11	68	94	0	0	0	0	0
8aa181ec01fa6abe3943da07bbb9f926	0	0	0	0	0	0	0	0	0	0	0	0	0	0	0	0	0	0	0	0	0	0	30
78f52184ef7212f1e139ca1553ac752c	0	0	0	0	9	0	0	0	0	0	0	0	0	0	0	0	0	0	0	0	0	0	0
56330b2977182b42093711cb90a3b065	0	0	0	0	0	0	0	0	0	0	0	0	0	0	0	26	0	0	0	0	0	0	0
e28d30c3ecf9ecf9d63f7f2983fa911d	0	0	0	0	0	0	0	0	0	0	0	0	0	0	0	0	0	0	0	0	0	0	40
fb31e46e931f593111362f59f713cf39	0	0	0	0	0	0	0	0	0	0	11	0	5	0	0	0	0	0	0	0	0	0	0
fe453302317e9fc20153f931a54835f8	0	0	19	6	0	0	0	0	0	0	0	0	9	0	0	0	0	0	0	0	0	0	0
cf31fba92d58b405c3d8bce24bc4678f	0	0	0	0	0	0	0	0	0	0	0	0	0	0	0	0	0	4	0	0	0	0	0
7a62f4778f015c543873623f750615a1	0	0	0	0	0	0	0	0	0	0	0	0	0	0	0	0	0	0	0	0	0	0	131
905cff76b030b281ca221e609ebcdef2	0	8	0	0	0	0	0	0	0	0	0	0	12	0	0	0	0	0	0	0	0	0	0
19bc0ddaba91e8b508a4ef34a019088b	0	0	0	0	0	0	0	0	0	0	0	0	0	0	0	0	0	0	0	0	0	116	0
29e58ca9bdd079d531e2aed3eb1e413a	0	0	0	0	0	0	0	0	0	0	52	89	14	813	385	0	980	0	2	262	0	0	40
1857d8042bd2a104435e82b2b0595e5a	36	35	12	13	9	0	0	0	0	0	87	77	236	107	0	0	0	0	0	0	0	0	0
05ee672c13ca2e0e6c44a8c8ec463c05	0	0	205	50	0	109	0	0	0	0	248	72	163	36	61	0	45	257	0	65	0	0	0
f8e4a3e6416f4482485f1a7ee43ca3c9	0	0	0	0	0	0	0	0	0	0	6	139	25	20	22	0	0	0	0	0	0	0	0
f1432139b16855a731b20550e4993a8b	0	0	31	0	0	0	0	0	0	0	0	0	0	0	0	0	0	0	0	0	0	0	0
87f991a2894d152c8a12ed6d0458c35c	0	0	0	0	0	0	0	0	0	0	0	0	0	0	10	0	0	0	0	0	0	0	0
ad6dbafb92c27f6212d897ac569176e2	24	79	16	55	12	37	18	8	0	19	12	0	0	0	0	34	0	28	125	6	0	0	0
c45db55927c575695ebf7692495d0ec4	0	0	0	0	0	0	0	0	0	0	0	0	0	0	0	0	0	0	0	0	0	95	69
83d645fe436baa58a2e3a968d29af99e	0	0	0	0	0	0	0	0	0	0	0	0	0	0	0	0	0	24	0	0	0	0	0
d850926526c32487f1b1279207362ea8	45	39	16	5	0	0	15	0	0	4	15	0	0	0	0	18	0	0	0	0	0	0	0
6bda66a0ea4dd63f7bdbc0921d858f9f	0	0	8	0	0	0	0	0	0	6	0	0	0	0	0	0	0	0	0	0	0	0	0
8e576c983ab304f2fed78c8f94cd96c5	0	0	0	0	0	0	0	0	0	0	0	0	0	11	0	0	0	0	0	0	0	0	0
a80343244fe396498da1907ddab3a397	0	0	0	0	0	0	0	0	0	0	0	0	0	6	0	0	0	0	0	0	0	0	0
640119334ba53cbb6fb3faadc2f3b5b5	0	0	0	0	0	0	0	0	0	0	18	0	22	0	0	0	0	0	0	0	0	0	0
483552402d6d3fce52fa87722fdcb0ad	0	0	0	0	0	0	0	0	0	0	0	15	16	0	0	0	0	0	0	0	0	0	0
d94316b6d98d227a9fe3710b6a183dc5	63	22	0	0	41	0	0	0	0	0	0	0	0	0	0	0	0	0	0	0	0	0	0
2de4279a4e56ae8bc6f1741ca94f329e	0	0	0	0	0	0	0	0	0	0	11	0	0	0	0	0	0	0	0	0	0	0	0
0b6ff2fa21866c3fb2d481ce0cad6762	0	0	0	0	0	0	0	0	0	0	0	0	0	20	0	0	0	0	0	0	0	0	0
829bf850d8d9a5f0b5a2c82b598f7c7f	138	143	0	13	14	0	0	0	0	0	0	0	0	0	0	0	0	0	0	0	0	0	0
b052035a73ed1904ae929ea03c45d843	0	0	0	0	0	0	0	0	0	0	0	0	0	0	0	0	0	0	0	0	5	0	0
671c3e66ba255fc3135a49a6e6950542	0	0	0	0	0	0	0	0	0	0	0	0	0	0	0	0	0	0	0	0	0	0	55
c59a521d10f8ee9a54ebca7351666998	0	0	0	0	0	0	0	0	0	0	0	0	0	0	0	0	0	0	0	0	0	0	19
f6e728b007115ddcc70dc631723254e6	0	0	0	0	0	27	0	0	0	0	0	0	0	0	0	0	0	0	27	0	0	0	0
cde9575900c4c171414a228b4f386c2f	0	0	0	0	20	0	0	0	0	0	0	0	0	0	0	0	0	0	0	0	0	0	0
023bc360f0f48b25606190b1ebca5fa3	19	0	0	0	0	0	0	0	0	0	0	0	0	0	0	0	0	0	0	0	0	0	0
893987589309e68208d95acbc34af4fb	0	0	245	0	0	0	0	0	0	0	0	0	144	0	0	0	0	0	0	0	0	0	0
b6504e25c0eb884db28e7e5493d50017	0	0	7	0	0	0	0	0	0	0	0	0	0	0	0	0	0	0	0	0	0	0	0
1204a9aaa47516dbbe9fac6bfffd337f	0	0	0	0	0	0	0	0	0	0	0	0	0	0	0	0	0	30	0	0	0	0	0
6ac762d66c0046746a57c9ec0eb02e29	0	4	17	19	13	0	0	14	0	33	8	0	15	31	21	0	21	0	0	4	59	0	0
409c4297b9e1d103aeb703e7f4cffa41	0	0	27	38	0	36	0	69	0	232	0	0	0	27	59	522	56	464	163	52	0	0	0
435f99cfb4248f976445bf7a28ba0cb8	0	0	0	0	0	0	0	0	0	0	0	0	0	0	0	0	0	68	0	0	0	0	0
cc7301e00f11b339efcfae5ba7aa2142	0	0	0	0	0	0	0	0	0	0	0	0	26	0	0	0	0	0	0	0	0	0	0
42fa4267853fe6a79fedf7a55b3900b6	0	0	0	0	0	0	0	0	0	0	0	0	0	0	0	0	0	0	0	0	0	0	18
2f1eae83620e85e9ba001febdc0352e6	0	0	0	0	0	0	0	0	0	0	31	29	0	0	0	0	0	0	0	0	0	0	0
51c375d206cafd280eb50de0fca53a40	0	0	0	0	0	0	0	0	0	0	35	24	0	0	0	0	0	0	0	0	0	0	0
d6e9c6211d0c93167e8e5c4d32582dd8	0	0	0	0	0	0	0	0	0	0	0	0	0	0	0	0	0	0	0	0	0	0	52
4c5f3ad9170f98841b1a61e3788062d2	0	0	0	0	0	0	0	0	0	0	14	31	0	2	0	0	0	0	0	0	0	0	0
0e43256777faa593680ecb53e574ae14	28	14	0	369	525	15	0	8	4	37	49	41	0	0	19	0	0	21	0	0	0	0	0
3f0349a687bdc04f0e1526efc8add17e	0	0	0	0	0	0	0	0	0	0	0	32	0	19	12	0	11	0	14	0	0	0	0
9f327a154a4f3b24c10aee798672f09c	0	0	0	10	0	0	0	0	0	0	0	0	0	0	0	0	0	0	0	0	0	0	0
a49d0485227f9170fda7e1409cb2c3cd	0	0	0	0	0	0	0	0	0	0	0	0	0	0	0	0	0	0	0	0	0	72	0
2e371beb95bfbb6eb92ccd5987360ca4	22	16	382	32	0	637	30	171	93	29	19	16	31	21	14	68	88	1181	46	145	0	0	0
39d0ab69b4a22535fac15b117f8491f1	0	0	0	0	0	0	0	0	0	0	0	0	39	0	0	0	9	0	0	0	0	0	0
3cf1c3677b74a3ab095f77b115f0ec14	0	0	0	44	34	0	0	0	0	0	0	0	0	0	22	0	0	0	0	0	0	0	0
9b78efff9b64432876d24450e9b00163	79	102	61	72	61	0	0	0	0	0	115	25	70	340	33	0	0	0	0	0	462	0	0
de17aca579f8e4c957f2192d4334c89b	0	0	0	0	0	0	0	0	0	0	64	37	0	0	0	0	0	0	0	0	0	0	0
4401929455d4107c9efa4ccb009f14b7	12	20	0	0	0	8	0	45	0	0	0	0	0	0	0	0	0	30	0	0	0	0	0
107e04ddc4519998efd0c7f0d4a3c619	170	108	301	60	24	14	115	37	45	282	111	198	151	213	504	60	110	14	102	12	164	0	102
6e49f8241a722f3397e1bea4c0d54471	0	0	0	0	0	0	0	0	0	0	0	0	54	40	0	0	0	0	0	0	0	0	0
93a685441af47771e5e820e14b6eb2d2	0	0	0	0	0	0	16	0	0	0	0	0	0	0	0	0	0	0	0	0	0	0	0
373d63f1aef91b8dd127d0a57d6d231d	0	0	0	0	0	0	0	0	0	0	0	0	0	0	0	0	0	0	0	0	0	0	21
a3160b01d9b88c4be339a6794e3aa0f8	0	0	0	0	11	0	0	0	0	0	0	0	0	0	0	0	0	0	0	0	0	0	0
55c10e0788957468e49d32ff9d0adf71	0	0	0	0	0	0	9	0	0	0	0	0	0	0	0	0	0	0	0	0	0	0	0
be53b0cf945b09ede54e86a2dda400aa	0	0	0	0	0	0	0	0	0	0	0	0	0	0	11	0	0	0	0	0	0	0	0
a6f391fef91342aa8ff6420b957b6db6	0	0	0	0	0	0	0	0	0	0	0	0	0	0	0	16	0	0	0	0	0	0	0
3d9beeac23f4876e7c6ed2de48daaac3	0	0	0	0	0	0	0	0	0	0	0	0	0	0	0	0	0	0	0	0	0	47	0
78d5aae6b66e7d786f091294174e2839	0	0	0	0	0	0	0	0	0	0	0	0	0	0	0	0	0	0	0	0	0	0	18
51b24164872c25f85240152bdf147d67	0	0	0	0	0	0	0	0	0	0	0	0	0	0	0	0	0	0	0	0	37	0	0
feddd98213058dfbce70b9ba020fb1ee	0	0	0	0	0	0	0	0	0	0	0	0	0	0	0	0	0	0	0	0	0	0	11
aa278e6d5d299d715ae9dd964d561e1d	0	0	0	0	0	0	0	0	0	0	0	0	0	0	0	0	0	0	0	0	39	0	0
b40386be8fea8d70d634d58d86328650	0	0	0	0	0	0	0	0	0	3	0	0	0	0	0	0	0	0	0	0	0	0	0
ad65576fa76dc82f6c6b924df2e62083	0	0	0	0	0	0	0	0	0	0	0	0	0	0	0	0	24	0	0	0	0	0	0
b8e2a8e96abd7573209e80b5ec910c42	9	15	0	0	0	0	0	0	0	0	0	0	0	8	0	0	0	0	0	0	0	0	0
c5de0923adbb2fb63b93878ec2acf80c	0	0	0	0	0	0	0	0	0	0	0	0	0	5	0	0	0	0	0	0	0	0	0
d4ff80d7eb5426795c8c2e894f7796f8	19	0	0	0	0	0	207	0	0	0	16	93	80	15	14	0	0	0	9	11	32	0	107
956cb9f534cbdeccfcff87539736258b	0	0	0	0	0	0	0	0	0	0	0	0	0	0	0	0	0	0	0	0	0	26	0
fc88bb9a4a9426a7ca863ca1e6239234	0	0	0	0	0	0	0	0	97	0	0	0	0	0	0	0	0	0	0	0	0	0	0
4cf05c2c773187a18f17016856d1d3c6	0	0	0	0	0	0	18	0	0	0	0	13	0	69	0	17	33	0	0	70	0	0	0
ae8a6381f4e78d50e3fad0e2faad8ea0	0	19	0	20	0	0	127	0	0	0	30	32	26	20	0	0	20	0	27	14	0	0	27
dd53a26ddf6fe7a7a9cd0ecb53dc073e	0	0	0	0	0	0	0	0	0	0	0	0	0	0	0	0	0	0	9	13	0	0	0
1bdfe45342980d5ac6b03896f002c5f9	0	0	0	0	0	0	0	0	0	0	25	44	38	59	0	0	0	0	0	0	50	0	0
44d09a7944c49c97652d002382e34506	0	0	30	0	0	0	0	13	0	0	0	0	0	0	0	0	0	0	0	0	0	0	0
5662e8e49049fbb2dcc9a2e4fffd6920	0	0	0	0	0	0	0	0	0	0	4	0	0	0	0	0	0	0	0	8	0	0	0
cc287e8837027bd44fd14a55a566adad	0	0	0	0	0	0	0	0	0	0	3	0	0	0	0	0	0	0	0	0	0	0	0
e332e718556395ac2d1fd24594b998a9	0	15	40	0	0	0	0	6	0	0	0	0	0	0	0	0	0	0	0	0	0	0	0
e97823023d5af2cede0fbfef255d7eda	16	0	0	17	14	0	0	0	0	0	0	12	0	0	0	0	15	0	0	0	0	0	22
6446c7bc904f8086cda9f94a23256eba	0	0	0	0	0	30	0	0	0	0	0	0	0	0	0	0	149	0	686	0	0	0	0
2f9adcf29b2bc9eabc3cbde90721d68c	0	0	70	17	19	0	0	0	0	0	0	0	0	0	0	0	0	0	0	0	0	0	0
37e2e96eab0d08262fe4d10eb9a89ade	0	10	0	0	0	0	0	0	0	0	13	0	27	0	0	0	0	0	0	0	0	0	0
4c62f2452b1a5c8afe689eca12268019	0	0	0	44	0	0	0	0	0	0	0	0	0	0	0	0	0	0	0	0	0	0	0
60564bbe81885fc2eddabbe75eb3de6a	0	0	0	0	0	0	0	0	0	0	110	18	21	27	146	0	0	0	0	5	0	0	0
e6006a75b3c3195aaa0b74582b6a8d39	0	0	0	0	0	0	0	0	0	0	0	0	0	0	0	0	0	0	0	0	0	0	15
1733138eb92e7a9833a0a5c43f52b18a	0	0	120	0	53	0	0	0	0	0	0	0	0	0	26	0	17	0	0	0	0	0	15
95ec5221fbc13b6bd2d2d06d524d5016	0	0	0	0	0	0	0	0	0	0	0	0	33	14	0	0	0	0	0	0	0	0	0
09246a5bbf2124258ea753db570f2e2c	0	9	0	0	0	0	0	0	0	0	0	0	0	0	0	0	0	0	0	0	0	0	0
52ef078d35c8cdc45cc346914276e223	0	0	30	0	0	0	0	17	0	0	0	0	0	0	0	0	0	0	0	0	0	0	0
2563baa427127d02df5449a7b759518d	0	0	23	52	16	0	0	0	0	0	16	35	0	0	0	0	0	0	0	0	0	0	0
419c126c177f30785cc40be21a92bfde	0	0	5	0	0	0	0	0	0	0	9	0	0	0	0	0	0	0	0	0	0	0	0
2a8952998f52f8fe389a58e6ff1d4fc1	0	0	0	0	0	0	0	0	0	0	0	0	0	0	0	0	0	0	0	0	29	0	0
de7063f095280ecd5a69eb6789922cd2	0	0	0	0	0	15	0	0	0	10	0	0	9	0	0	0	0	19	0	0	0	0	0
ff0786acc3ea3eefec43e2602e77ac59	0	6	0	24	14	0	0	0	0	0	0	0	0	0	0	0	0	0	0	0	0	0	0
4af1be2916c45a28616409e12afe0c00	13	19	10	0	0	0	0	0	0	0	0	0	0	0	0	0	0	0	0	0	0	0	0
230f5c2f0772a4317b5a8b25d43744c1	0	45	0	16	14	0	0	0	10	0	11	0	27	21	0	0	0	0	0	0	0	0	0
38b2183177aaea26a40c90855a6f6521	0	49	0	0	0	0	0	0	0	0	0	0	0	0	0	0	0	0	0	0	0	0	0
5f522f089eb1c85a59d28e681f7f529a	0	0	0	10	0	0	0	0	0	0	0	0	8	4	0	0	0	0	0	0	0	0	0
e7c67a3099f5e8f6f8b7d38420190df5	0	0	0	0	0	0	0	0	31	0	0	0	0	0	0	0	0	0	0	0	0	0	0
238f6eb81cb73de744f7a71dacc42754	0	0	0	0	0	0	0	0	0	0	0	0	15	0	0	0	0	0	0	0	0	0	0
f549ce4ff42a1609f70e95d1539eff40	0	0	0	0	0	0	0	0	0	0	0	0	0	0	0	0	0	0	0	0	0	0	20
7bf09996b799019d6d9f34ed854dca03	0	0	0	0	0	0	0	0	0	0	0	0	0	0	0	0	0	0	0	0	0	0	47
da6cc46660ce08372dadadde2ebf11ca	0	0	0	0	63	625	436	0	77	0	0	0	0	0	0	0	0	40	0	19	0	0	0
e5d9947be723f7bb7a3535de01240b67	0	0	170	33	0	0	0	0	0	51	0	0	0	0	0	0	0	0	0	0	0	0	0
96b8b3d3f4be45703be059f7d28847da	0	0	0	0	0	0	0	0	0	0	0	0	0	26	0	0	0	0	0	0	0	304	188
5ff3e42a4964c3176b6c22afe885e0cb	0	0	13	0	0	0	0	0	0	0	0	0	0	0	0	0	0	0	0	0	0	33	45
5049b327729a4b30c12afe5412f8faa2	0	0	0	0	0	0	0	0	0	0	12	12	0	0	0	0	0	0	26	0	0	0	0
bd7ffe913695618020ca3db344280988	2	0	0	0	0	0	0	0	0	0	0	0	0	0	0	0	0	0	0	0	0	0	0
9c181bbb679a67305e8a71ea7ecbb89f	0	0	0	0	0	0	0	0	0	0	0	20	0	0	0	0	0	0	0	0	0	0	0
6b012c2aace69e17f3b4e1e09c5b6ecb	0	0	0	0	0	0	0	0	0	0	0	16	0	0	19	25	61	58	0	0	0	0	0
7b42b84591054b79a5e15421a905077e	42	49	0	10	0	8	0	0	0	0	0	0	0	0	0	0	0	0	0	0	0	0	0
1b190e9d4e5634dd86d40101c96f8f91	0	0	0	0	0	0	0	0	0	0	0	0	0	0	0	0	0	0	0	0	0	0	31
1b517f6ed269c4516f2cc4c6fca1a0a0	0	0	0	0	0	0	0	0	0	0	0	0	0	0	0	0	0	0	0	0	0	0	45
5325064dbdd093417802200d3a721cd8	0	0	0	0	0	0	0	0	0	0	15	20	0	0	0	0	0	0	0	0	0	0	0
ec90c9aefcc290cf8194d218a13d7ea2	6	0	0	0	0	6	0	25	0	0	0	0	0	0	0	0	10	0	0	0	0	0	0
04463c077785387a372e21b3b71602b5	0	0	0	0	9	0	14	0	9	49	0	0	0	12	0	151	0	49	0	0	0	0	0
9aebe662a2f3fa53a53d1a692d576e8e	13	0	0	34	54	0	0	0	0	0	0	0	0	0	65	0	0	0	0	16	0	0	0
1fde09201b721129ad69d13fc5865bf0	0	0	28	0	0	0	0	5	0	0	0	0	0	0	0	0	0	10	0	0	0	0	0
063662c985f2ba53e84a3f7a5b699254	0	0	0	0	0	0	0	0	0	0	7	15	0	0	0	0	46	0	0	37	0	0	0
db7f976b37c1fd8f5d3690e917b2a6c3	0	0	0	0	0	0	0	0	0	0	0	0	0	0	0	0	0	0	0	0	0	0	26
46f9de97b1ac175383f6efc27b37cda6	0	0	0	0	0	0	0	0	0	0	0	0	0	0	0	0	0	0	0	0	0	0	30
811a836a17851c862cd4f199292399ba	0	0	0	0	0	0	0	0	0	0	0	0	0	0	0	0	0	0	0	0	0	0	42
e6adc86b0ce6d014fd258412ef2eae77	0	0	0	0	0	0	0	0	0	0	0	0	0	0	0	0	0	0	0	0	0	0	48
51569bb7a30b220232877bb61254e817	0	0	0	0	0	0	0	0	0	0	0	0	0	0	6	0	0	0	0	0	0	0	0
1382ebf15cae28c5cc1ea4dc68645ce1	0	0	19	0	0	0	0	0	0	0	0	11	0	0	0	0	0	0	0	0	0	0	0
51d253bf68316060be4f05194b7dae81	0	0	0	0	0	0	0	0	0	0	0	13	0	41	0	0	0	0	0	0	0	0	0
e4d3701dcc2ce0a42de143238b83033e	0	0	0	0	0	14	0	0	0	0	0	0	0	0	0	0	0	22	0	0	0	0	0
bb88b4cc37ec53d8a65c7027807aafd2	0	0	0	0	0	0	0	0	0	0	0	0	0	0	26	0	0	8	0	0	0	0	0
1b943eaecd088e14a1d627a51914a471	0	0	0	0	0	0	0	0	0	0	0	0	0	0	0	0	0	0	0	0	0	96	0
96f9b7496107a71a25874c4e76405bb9	0	0	0	0	0	147	0	0	0	0	0	0	0	0	0	0	0	0	0	0	0	0	0
2db0fc8616aaf032cbedbdcae2e313a8	523	48	93	164	142	0	0	0	0	0	104	240	37	15	238	0	0	0	0	0	0	0	0
db0e0a2359454f3c377451ca51ce299c	0	0	0	0	0	0	0	0	0	0	0	0	0	0	0	0	0	0	0	0	64	0	0
2be912803fd3c9bf52178734a85ab272	0	0	0	0	0	0	0	0	0	0	0	0	8	0	0	0	0	0	0	4	0	0	0
2ef9aa98643675a6601bfe5cf7e0ac84	0	0	0	0	0	0	0	0	0	0	0	0	30	0	38	0	84	0	0	0	0	0	0
b5aa69734e3ea9fe7bc1ceeda46307c5	0	6	0	0	21	0	0	0	0	0	0	0	0	11	10	0	0	0	0	0	0	0	93
67bcaed5c0e03e81cb84eaa3fea2b124	0	0	0	0	0	0	0	0	0	0	0	0	0	0	0	0	0	0	0	0	12	0	0
4ca5de1f267fa701c3d67deaf3118ad8	0	0	0	0	0	0	0	0	0	0	0	0	290	159	0	0	0	0	0	0	0	0	0
574cc33e4af8a02ecb304671aa141054	91	26	0	36	17	0	0	0	0	0	0	0	0	0	0	0	0	0	0	0	0	0	0
9c7d9a2060bbf25f6a80d54bb8b39618	0	0	0	0	0	0	400	0	0	0	0	11	357	145	5	18	28	0	5	0	0	0	0
f0fb679a2683c69140f20d9fa6adfd4f	0	0	0	0	0	0	0	0	152	466	0	0	0	0	0	0	0	0	65	16	0	0	0
34570bd111007c0492a7abfcab358c24	15	0	0	0	0	0	0	0	0	0	0	0	0	0	0	0	0	0	0	0	0	0	0
d804751d9d48138a3a7ca9aeef24894e	0	0	0	0	0	0	0	0	0	0	0	0	0	0	0	0	0	12	0	0	0	0	0
1e947c405f8ed208bac5218cc7246ef3	23	23	0	0	0	0	0	0	0	0	0	0	0	0	0	0	0	8	0	0	0	0	0
1b49aa290721414c6f85361d4d5d24d4	0	0	34	58	28	97	17	93	10	4	0	0	13	0	15	24	57	79	48	0	0	0	0
53e27656d9771af6fe821abd5f47e7c9	0	0	16	14	16	0	0	0	0	0	4	0	0	8	0	0	0	0	0	0	0	158	1364
435980b3639e6be968e665b1b84309e0	0	0	0	0	0	0	0	0	0	0	0	0	0	0	0	0	0	0	0	0	0	0	46
b6e78b759d9a90ca8e6cac09ef650ae5	0	0	0	0	0	0	0	0	0	0	8	0	0	0	0	0	0	0	0	0	48	0	42
1095368a251dc3880e91650081c8885b	239	330	333	486	224	0	0	0	0	0	274	165	130	84	121	0	68	0	0	0	0	0	0
caeb2e033b71fa98d3d8407c11e14915	10	26	36	38	26	47	0	0	0	0	13	8	62	160	64	12	118	17	0	0	36	0	0
a799b6347eed328bc2413d8df13381a5	141	0	0	63	47	0	232	0	0	0	0	0	170	0	0	0	57	0	55	0	0	0	0
d4ed5422097804cc35164bf4b38c3f46	10	6	0	0	0	0	0	0	0	0	20	0	14	17	20	0	0	0	0	0	0	0	0
c8913cfc06c032ba40591300a0b77ad4	0	0	4	0	9	0	0	0	0	0	0	0	0	0	0	0	0	0	0	0	0	0	0
599eeffbcfe0e0d713cbf4c9ebea826f	0	4	0	12	5	0	0	0	0	0	13	9	0	0	0	0	0	0	0	0	0	0	0
0e87b0813b11d400bfefd4b14f30dc8a	23	57	8	0	0	0	0	0	0	0	0	0	0	0	0	0	0	0	0	0	0	0	0
241f79b9a730c74911f5a51598c2dd16	0	0	0	0	0	0	0	0	0	0	0	7	0	0	16	0	0	0	0	0	0	0	0
b6a7348c601745ee20d78d31ff026726	0	0	39	0	0	0	0	0	0	0	0	0	10	0	0	0	18	0	0	0	0	0	0
6f33ea2339fe847baa98ff97d9f0e274	0	0	0	0	0	0	0	0	0	0	12	21	0	0	0	0	9	0	0	0	0	0	0
77b0e2b224d38acb5adc45a8130f55e9	0	0	0	0	0	0	0	0	0	0	0	0	29	34	0	0	8	0	0	0	0	0	0
df0747875384374f7b53da54aebf8737	0	0	0	0	0	17	23	19	0	0	0	0	0	0	0	0	26	16	0	0	0	0	0
842d2c6b055966c57784a4cae2b2139f	0	0	0	0	0	0	0	0	0	0	67	193	193	192	36	0	0	0	0	0	0	0	0
10919fb00aaa40e7594881c7a4e1e34f	0	0	0	0	0	0	0	0	0	0	6	8	0	0	0	0	0	0	0	0	0	0	0
8288064861895204c870e09e92cc44c5	0	0	0	0	0	0	0	0	0	0	32	13	0	0	0	0	0	0	0	0	0	0	0
0699b3dadfa1ef1b3d4533ebe26ddd1b	0	0	0	0	0	0	0	0	0	0	0	0	0	0	0	0	0	0	0	0	42	0	0
777c3d4e0f20a684db1260b09f52b947	0	0	0	0	0	0	0	0	104	7	0	0	0	0	0	0	0	0	0	0	0	0	0
98ca03c7b7ba76e834676706856933df	0	0	0	0	0	0	0	0	0	58	119	252	0	38	0	0	55	0	27	0	0	0	0
4e74e2a99da77e7dc5bb114af0d28c13	0	0	0	0	0	0	0	0	204	8	0	0	0	0	0	0	0	0	0	5	0	0	0
ee2a2091ff402a48308fb4b82c34ce78	0	0	9	0	0	0	0	0	0	0	0	0	0	17	0	0	0	0	0	0	0	0	0
206082980b2b4e605d4b2f4b2f2db660	29	0	69	0	0	0	0	0	0	0	0	0	36	15	0	0	0	0	0	0	0	0	0
9cd50a25a60c158e59373c6165daae65	0	0	0	0	0	0	0	0	0	0	0	0	0	0	0	0	0	0	0	0	0	0	39
c4246dfb397f65efeeb832836e302083	70	33	242	17	23	223	83	32	81	41	14	45	48	0	0	115	89	127	0	29	0	0	18
d2c5f3db0c5144fa28edff7db03c8f45	0	0	19	149	45	117	0	0	0	0	72	21	100	60	66	24	233	18	0	0	374	0	241
876826f3480f487da8c7c723faf6c719	0	0	0	30	57	0	0	0	0	0	0	0	0	0	0	0	0	0	0	0	0	0	0
1f2d067e3438cbd4d375c1ab5221560c	0	0	0	0	0	0	0	0	0	0	0	0	0	0	0	0	0	0	0	0	0	0	42
79fea7073a32159fbf592c02ee449582	0	0	0	0	0	0	0	0	27	0	0	0	0	0	0	0	0	0	0	0	0	0	0
00def0060126ea4e9336b7882ffa1d5d	0	0	0	0	0	0	0	0	0	0	9	0	0	0	0	0	0	0	0	0	0	0	0
f96524240d0c7e6c19bc0e3f7eb068a9	0	0	0	0	0	0	0	0	0	0	0	0	0	0	0	0	3	0	0	0	0	0	0
78cfa7640273ecfa85ac68a5aa8bc78c	0	0	0	0	0	0	183	0	0	0	0	7	13	0	0	138	665	0	1088	11	0	0	0
046419b76413d9db93e258bc2f9e18e6	0	0	15	0	0	0	0	113	24	0	0	0	0	0	0	0	0	0	0	0	0	0	0
3ba76242934ee35bd18460f6cd0d065c	0	0	0	0	0	0	0	0	0	0	97	73	0	0	0	0	0	0	0	0	0	0	0
a57230a6f5a46a90222caf5bff0ced3f	0	0	13	0	0	0	0	0	0	0	0	0	0	0	0	0	0	0	0	0	0	0	0
b873e2345c810ee694c30e98396ac064	0	0	0	32	6	0	0	0	0	0	81	15	13	24	17	0	0	0	0	0	0	0	0
f126e61fca47f5543863964d5c63b1d5	0	0	42	0	0	0	0	0	0	0	0	0	0	0	0	0	0	0	0	0	0	0	0
aaf3a606ffb58a3c5034bef47b0c5d3a	0	0	0	0	0	0	0	0	0	0	0	0	8	9	14	0	0	0	0	0	0	0	0
7661fcb528e4667079c70ad0840e78df	0	0	0	0	0	0	0	0	0	0	0	0	0	0	0	0	0	0	0	0	0	0	41
37693fc4da7177d96a9cd741d266f179	38	0	83	34	21	193	64	95	0	86	0	0	0	0	0	27	330	481	22	113	0	0	0
dd56410c0fff1700e747a61dfd197665	16	30	0	0	0	7	27	11	0	0	0	0	0	0	0	0	0	15	0	0	0	0	0
ab16548aa6887db45c3b0c3c970c88ba	0	0	0	0	0	87	1240	77	58	1184	0	0	0	0	0	383	788	221	707	761	0	0	0
7eb2bc98c0e2abf1ca012b20323500e9	6	0	0	0	0	10	0	0	0	0	0	0	0	6	0	0	0	0	0	0	50	0	0
1a1e43fcafb01b5d8d28a8be8fd66145	0	0	13	0	0	0	0	0	0	0	0	0	29	0	0	0	0	0	0	0	0	0	0
f6c6e74a795587167557b027d671a406	0	0	0	0	0	0	0	0	0	0	0	0	0	0	0	0	0	0	0	0	0	0	50
b3497645b3b4497e9fa9d51208c0caa6	0	0	0	460	146	0	0	0	0	0	0	0	13	43	0	0	0	0	0	0	0	0	0
ebaec060534d66d0784ce646794a1cf5	0	0	0	0	0	0	0	0	0	0	19	0	0	0	0	0	0	0	11	0	0	0	0
e7627802c24616be387b8ba99e367dc0	0	0	0	0	0	0	0	0	0	0	0	0	39	23	0	0	0	0	0	0	0	0	0
72b534e7f9aee17f9ef904f3abfd8e46	0	0	0	0	0	0	430	0	0	382	0	0	0	0	0	126	259	72	221	269	0	0	0
5bbf9ccb6ff09c9adfabd549e4751572	0	0	0	0	0	0	0	0	0	0	0	0	0	0	0	0	0	0	0	0	0	0	26
af77ed1e236824609916a1eeb59dccdd	0	0	0	0	0	0	0	0	0	0	20	21	0	0	0	0	0	0	0	0	0	0	0
a757fdd7057a2d74a273eed9f89feb03	0	0	0	0	0	0	0	0	0	0	0	8	0	0	0	0	0	0	0	0	0	0	0
007861cf4357c84116e647b68ab1bf30	0	0	0	0	0	0	0	0	0	0	0	0	0	10	0	0	0	0	0	6	4899	945	199
7b7c197c157ca7e78eabfc8721c06727	0	4	0	0	0	0	0	0	0	0	0	0	11	4	0	0	0	0	0	0	0	0	0
8060610a468a1a63946b07ad3a8e8537	0	0	0	0	0	20	0	42	0	0	0	0	0	0	0	0	255	97	89	0	0	0	0
9bc092de80795478e92657641bbaa122	8	15	7	32	16	0	0	0	0	0	0	0	0	12	0	0	0	0	0	0	101	0	0
751661e34165800f853b18ce1c79700e	0	0	0	0	0	0	0	0	0	0	0	0	0	0	0	0	0	0	0	0	0	0	9
1fec16f605a3f8bb54b69d4727ce2089	110	80	0	21	8	0	0	0	0	0	9	3	0	0	0	0	0	0	0	0	0	0	0
5f303d5361eaea06168f2dd3aae55a2f	0	38	0	21	112	14	0	0	17	0	18	8	0	109	44	12	38	22	0	12	236	556	955
cffd4c859b8f35bd5109e61f1b9ce098	12	39	23	0	17	21	0	0	0	0	0	0	0	0	0	0	0	0	0	0	0	0	0
b795f2a86a9995ec9228faeab179c415	30	28	55	85	68	660	0	20	0	139	34	28	16	22	336	851	13	0	15	0	0	0	0
8766e8c796bf9f95db9966adcbe58242	309	366	335	143	57	19	0	0	0	0	107	54	154	99	0	0	0	12	0	0	0	0	0
ab199f704c81a5812707412ecc69c61f	0	0	0	0	0	0	0	0	0	0	9	0	0	0	0	0	0	0	0	0	0	0	0
a183381b5716eacee89bada90f967a0d	0	0	56	0	0	0	0	0	0	0	20	6	0	0	0	0	0	0	0	0	0	0	0
a5ad2910778ecb73b6df4f7a4e91a405	0	0	0	0	0	0	0	0	0	0	0	0	0	0	0	0	0	0	0	0	0	0	18
f1e0316b0c1f4880f71c51d98c9cb2d5	0	0	0	0	0	0	0	0	0	0	0	9	0	0	0	0	7	0	0	0	0	0	0
2a092ab4dd0a23438cfaee1127d6bc29	18	12	187	12	0	0	0	0	0	0	62	50	0	0	0	0	0	0	0	0	0	0	0
b4ccdb4a6a73d2d0d995e0b06a58d641	0	9	0	13	24	0	0	0	0	0	22	0	0	17	22	0	0	0	0	0	0	0	100
534bb6a44e71f12d661d99326c33d68a	0	0	0	0	0	0	0	0	0	0	19	14	40	31	9	0	0	0	0	0	0	0	0
723cb8fe9b938e14652333eb198b02d3	0	0	10	0	0	0	0	0	0	0	0	0	0	0	0	0	0	0	0	0	0	0	0
29d84f4e7fb662e7bc567101b156b1fc	0	0	0	0	0	0	0	0	0	0	0	0	27	17	0	0	0	0	0	0	0	0	0
049dcad56eb849d112e6d98943dd35c9	0	0	0	0	22	4	0	0	0	0	0	0	0	0	0	0	0	0	0	0	0	0	30
a3baedf31fca5004264bf8121741d695	0	0	0	0	0	0	0	0	0	0	0	0	0	0	0	0	0	0	0	0	15	0	0
6a480d30d50b97b67a5ad3e8f48ee7d5	0	0	12	13	4	4	0	0	0	0	0	0	0	0	37	0	0	0	0	0	0	0	0
7dfc5c42b9a8812e9725081ee4a51dcc	0	0	0	0	0	0	0	0	0	0	0	9	0	0	6	0	0	0	20	0	0	0	0
2727cc0d6694e8d3db188992ff124a97	0	0	0	0	0	0	0	0	0	0	0	0	0	0	0	0	0	0	0	0	0	0	37
b6b59fbcf5613ba22f048da1ff1264d8	22	23	0	0	0	0	0	0	0	0	0	0	0	0	0	0	0	0	0	0	0	0	0
bddbba3c1cbda44fcfa2e4c2b3766f80	0	0	0	0	0	0	0	0	0	0	0	0	0	0	0	0	0	0	0	0	0	0	32
61736cc294067b0afda05cbba078155d	52	46	240	76	35	99	340	27	64	12	22	0	85	19	22	0	19	224	0	15	0	0	0
062b090c083845612e0ed7dc400c9106	589	88	457	1649	1617	799	778	96	65	161	0	0	659	0	241	1922	654	96	719	34	0	0	15
a6a23637cda5b0c0cf9e34bbefb71b5a	0	0	0	0	0	0	0	0	0	0	0	0	0	0	0	0	0	0	0	0	0	44	0
613a6844484c3b2f90d38399d2698624	23	23	0	17	0	21	107	0	0	0	23	22	20	0	0	0	0	43	7	12	0	0	0
c1c61b42334cbb3cab73a1c4398890b2	0	10	11	12	0	0	0	0	0	0	28	11	44	0	14	0	0	0	0	0	0	0	0
f8dc0fa1620629db6cea60cbde4ce7e8	0	0	0	0	0	0	0	0	0	0	8	4	7	0	0	0	0	0	0	0	0	0	0
e7a81ef9c7000a2d4bc89378150689e1	0	0	0	0	0	0	0	0	0	0	78	91	0	0	0	0	0	0	0	0	0	0	0
b9b90dbdc4509946cf68b87e673d13fa	0	0	0	0	0	0	0	0	0	0	0	0	0	0	8	0	0	0	0	0	0	0	0
d92c62a3cec60f35a6d6997b1e75150d	87	98	0	0	0	0	0	0	0	0	83	24	5	0	0	0	0	0	0	0	0	0	0
10a419adb9ecee1d6409aabc328d718d	13	0	0	0	0	0	0	0	0	0	0	0	0	0	0	0	0	0	0	0	0	0	0
b01babee524c01ff4e05574a5ac2c088	0	9	0	0	0	0	0	0	0	0	0	0	0	0	0	0	0	0	0	0	0	0	0
4b9e90e95af1f659c5c844336294c895	21	0	0	0	0	30	0	0	0	35	0	0	0	0	0	0	0	0	0	0	0	0	0
d20caf2c536b151644d2f52f4401998f	0	0	0	0	0	0	41	0	0	0	0	11	0	0	0	0	0	0	0	0	0	0	0
26a930ff8d7ae487ae9b3beaf07b53ca	0	0	47	0	0	0	0	0	0	0	0	0	0	0	28	0	0	0	0	0	0	0	0
414e4d2df92009ad8f25ab0a0636f3f5	0	0	0	0	0	0	0	0	0	0	0	0	0	0	0	0	0	0	0	0	0	0	15
4f1e89fe8963c0dd1c89bcc87c0b8fba	0	0	0	0	72	0	0	65	29	152	0	0	0	0	0	0	42	758	46	204	0	0	0
5726619608b84ee3018c815204cdff7a	504	596	698	933	467	148	0	0	0	0	626	324	286	179	264	0	190	0	0	0	0	22	96
ec670298b64697424a1ab0ba2912c667	0	0	0	0	0	0	0	10	0	0	0	0	0	0	0	0	0	0	0	0	0	0	0
37671b879e23f9023da09d7a72f8f25f	5	8	0	0	0	11	0	0	0	0	0	0	0	0	0	0	0	6	0	0	0	0	0
49fce4becdbed4466420fc96a0991f65	0	0	0	22	19	0	0	0	0	0	0	0	0	0	0	0	0	0	0	0	0	0	0
ca935d2185438a7f1a6a001037a1f166	0	0	0	0	0	9	0	0	0	0	0	0	0	0	0	0	0	0	0	0	0	0	0
ac7ca9806197bc66f3f3d15f5e91cb29	0	0	0	0	0	0	0	0	0	0	0	3	0	0	0	0	0	0	0	0	0	0	0
fa53d77f8ec92fdb1b3d0aa833311cd5	798	365	19	287	81	0	0	0	3	5	0	0	0	0	0	0	0	3	0	0	0	0	0
3e1f1393ae7998460e45ddc5b8ca0c48	6	0	0	0	0	0	0	24	0	8	63	45	9	0	0	0	0	0	0	0	0	0	0
c72135472cb56ff3b99de0bb6c15733b	0	0	15	0	0	0	0	0	0	0	0	0	0	0	0	0	0	0	0	0	0	0	0
22404c2ffeb0eb07b367869f2986642d	0	0	0	0	0	0	0	0	0	5	0	0	0	0	0	0	0	0	0	0	0	0	0
026105edd4f42d8c95dfb88caa93bfe9	0	0	0	0	0	0	5	6	0	0	0	0	0	0	0	0	0	16	0	0	0	0	0
487965c3f74b8f2f6461f6f97782d2b9	0	0	0	0	0	0	7	0	679	19	0	0	0	0	0	0	22	0	0	16	0	0	0
092b0c4853547e5acae2c3a86a26ad67	0	0	0	0	0	0	0	0	0	8	15	0	0	0	0	0	0	0	0	0	0	0	0
7df2b7929b4c30bab534e2501f4d1c7d	0	0	20	0	0	0	0	0	0	0	0	0	0	0	0	0	0	0	0	0	157	0	0
92c3aabe2785555cef427488af0f638d	16	0	0	0	0	0	0	0	0	0	0	0	0	0	0	0	0	0	0	0	0	0	0
85cff93835410d8cd21044c73b5922c2	212	66	52	62	51	0	22	77	7	18	80	46	17	0	12	13	0	0	0	0	0	0	0
8c693ff81d19fd665a64360c303cd479	0	0	0	0	20	0	0	0	0	0	10	0	0	14	12	0	0	0	0	0	0	0	137
9eee17f08d33b67a62e3ee0d5e633918	22	0	29	7	51	0	0	9	0	8	79	59	0	0	0	0	0	0	0	0	0	0	16
853d62f828d0f67cdd22a2f0c9e145a5	79	0	224	233	458	49	0	0	0	0	0	0	0	0	0	3	0	0	0	0	0	0	0
fbac50cbc7aa5c66be8a752de534a2a1	0	0	36	0	0	0	0	0	0	3	0	0	21	0	0	0	0	4	0	0	0	0	0
8358a4d1037812507d83465dc3a8b691	23	0	0	0	0	0	0	6	0	0	10	13	0	0	0	5	0	0	0	0	0	0	0
6897824afe83ace25915959b89d5dd27	0	0	0	35	0	0	0	0	6	0	0	0	0	0	0	0	0	0	0	0	0	0	0
6c3a9e925b5d0e263f321505d2dbf1b3	0	0	0	0	0	0	0	0	0	0	0	0	0	16	0	0	0	0	0	0	0	0	0
ecc9286181730048ef8bb6b61c034c74	0	0	20	0	0	0	0	0	9	0	0	0	16	0	0	0	0	0	0	0	0	0	0
59442d0e5c66b676a17772b8cea1b52e	0	0	0	0	0	0	0	0	0	0	0	0	0	0	0	0	0	0	0	0	0	0	46
052ab0021d4b9fc7caa2419fa0f1413d	13	11	0	300	202	0	0	0	0	0	98	18	19	139	24	0	0	11	0	0	63	36	52
77caf142e552b317810b00e9c3a78563	0	0	24	245	546	0	0	0	0	0	0	0	0	0	0	0	0	0	0	0	0	0	0
35f5bbde04582c7500c49a46cc32ab88	3	0	0	5	0	0	0	0	0	0	0	0	0	0	0	0	0	0	0	0	0	0	0
f67f2934123e473cfbca434b34dd960f	40	24	0	0	0	0	0	0	0	0	0	0	0	0	0	0	0	0	0	0	0	0	0
1e9ede3f08b4c2469ce60aa0c3fd18ed	0	0	0	0	0	0	0	0	0	0	0	0	0	0	26	0	0	0	0	0	0	0	0
1f055be706628a74e9f9e48d1c91b62b	34	42	21	95	49	0	0	0	0	0	48	21	50	39	68	0	0	0	0	0	0	0	28
3fad540f929bf63be1ce2168bbe65394	0	0	0	0	0	0	0	0	0	0	0	0	0	0	0	0	0	0	0	0	0	0	5
2b4049de0a235a817a2e955279c9a40f	0	0	0	0	0	0	0	0	0	0	0	0	0	0	0	0	0	0	0	13	0	0	0
a3560679679380fbc62d17d61a3ce8c4	0	0	0	39	15	0	0	0	0	0	0	0	279	0	0	0	17	0	0	0	0	0	152
a4a29629bd0e540809d4b05878403f05	0	0	0	0	0	0	0	0	0	0	0	0	0	0	10	0	0	0	0	0	0	0	0
77cd18f21765bf8edab2287e1498809f	27	0	0	0	0	247	0	0	0	548	0	78	0	0	0	0	0	153	171	1934	0	0	0
22bb029861ebdd12cec6cedc035e6b21	0	0	0	0	0	0	0	0	0	0	0	0	0	0	0	0	0	0	0	0	0	0	30
937693b6fd89713fb8ac4e281cbd7314	14	18	0	0	0	0	0	0	0	0	0	0	0	0	0	0	0	0	0	0	0	0	0
88efc34ab768d8e0ea22cbf07ad7f01c	0	0	0	0	0	0	29	0	0	0	68	144	32	0	22	0	51	0	0	0	0	0	22
77972cd35884d5c610062f44d668e9fb	0	10	32	23	28	0	0	0	0	0	20	0	0	0	0	0	0	0	0	0	0	0	0
e7a7ce8374c1b77ef9f546206ce8bae5	14	0	0	0	0	44	124	49	5	15	0	0	0	0	0	543	188	0	52	10	0	0	0
7dd5551886c7b46e274551f7a8c04e23	0	0	0	0	0	0	0	0	0	0	0	0	0	0	0	0	0	0	0	0	0	0	45
0705be91bbde16afa3e8cbe50068472c	0	0	0	13	5	0	40	7	16	12	0	13	0	0	9	170	52	110	0	48	0	0	0
5e0bdf1766f05a2bfcdfc07254e40697	0	0	33	0	0	0	0	0	0	0	0	10	0	0	0	0	0	0	0	0	0	0	0
86418e3c3cd8da71c12b3a025d6e82a7	24	8	16	14	0	0	31	60	0	19	20	10	28	10	0	35	35	22	13	0	0	0	0
d6ecd1d53e56d6359d9de840e111d667	0	0	0	0	0	0	0	0	0	0	6	0	0	0	0	0	0	0	0	0	0	0	0
bbf582570b5cf6ae6dce53f36190f87b	0	0	0	0	0	0	0	0	0	0	0	0	0	0	0	0	0	0	0	0	19	0	0
ceab1fd2174beba32e93cb915012e115	0	0	0	0	0	0	0	0	0	0	0	0	0	0	0	0	0	0	0	0	0	0	55
a13c9e1bf262f3cb4881d2a59b0eaa54	60	32	23	31	0	3	0	4	0	0	0	0	0	0	0	0	0	0	0	0	0	0	16
0ee3fd5b0ed7a3f38211189817afcdc0	29	22	30	28	8	9	0	33	0	40	14	19	7	30	46	8	0	15	0	108	0	0	13
324499b03d46622141270fc634500ef1	0	0	0	0	0	592	360	0	24	1482	91	162	36	27	37	304	205	190	542	3741	0	0	62
4d9328515956b0a2e67101c496cd7d3f	8	13	12	0	0	0	0	17	0	0	0	0	0	0	0	0	0	0	0	0	0	0	0
b45a859e5767de052bead8b461acfead	0	0	17	0	0	0	0	0	0	0	0	9	8	0	0	0	0	0	0	0	0	0	0
f7a208a830821b7d3c0c9031b9d09726	0	0	0	0	0	0	0	0	0	0	0	0	0	0	18	0	0	0	0	0	0	0	0
284fdf2bd0470394cb34f8b7e7c0ac91	0	0	0	31	0	11	20	0	21	25	62	2	0	0	0	0	43	1	5	180	0	0	0
dbdca4b523d3834576fac105bf7a56f1	0	0	0	5	0	0	0	0	0	0	0	0	0	0	0	0	0	0	0	0	0	0	0
5cca48d970b3f35202410f6160eb087a	0	22	17	0	0	0	0	0	0	0	0	0	35	8	0	0	0	0	0	0	0	0	0
4ed95b1bff9a9d58cf5418f5a81255cf	0	0	0	0	0	0	60	0	0	0	0	0	0	0	0	73	0	0	0	0	0	0	0
b1ec913ba8eef8f6da313600ade0ce15	0	0	0	0	0	0	0	0	0	0	11	0	0	0	0	0	0	0	0	0	0	0	0
afb56cccd0d81d1825e1e67153769f6e	0	0	0	0	0	0	0	0	0	0	0	0	0	0	0	0	0	0	0	0	0	0	26
307f304167c81ee12922df94f56756a5	0	0	0	0	0	0	0	0	0	0	0	0	0	0	0	0	0	0	0	0	0	0	31
c00414e56a2ed1d53a90d37d719e1ca2	47	0	0	0	0	0	0	0	0	0	0	0	0	0	0	0	0	0	0	0	0	0	0
7f024cae7dae18cc0f1dc7e0f1d8b127	20	0	0	0	0	0	0	0	0	0	0	0	6	78	0	0	0	0	0	0	0	0	0
159383fbd63c2aa0d968838005abc83e	0	0	0	0	0	0	0	0	0	0	0	0	0	0	0	0	0	0	0	0	0	0	16
6541c8195b9a827da2871375b9eec820	0	0	13	0	0	0	0	0	0	0	0	0	0	0	24	0	6	0	0	30	0	0	0
b4463e0d2d8400b11726aaf04df0fda6	14	13	123	0	0	0	0	0	0	0	0	0	0	0	0	0	0	0	0	0	0	0	0
fb7b89b3bfcade882873ef47d423f472	0	0	0	29	23	0	0	0	0	20	0	0	0	0	46	0	15	12	0	9	0	0	0
b55a02f77ff3e460184ee2fab5a99444	0	0	0	0	0	0	0	0	0	0	0	0	0	0	0	0	0	0	0	0	22	0	0
8a45e0b7d52715cbb937eaa0aaebd098	20	0	132	59	43	31	0	0	0	0	0	14	0	0	102	0	0	27	0	160	0	0	0
992bed55e2da564978f3638ea90b44c7	229	222	29	124	49	0	0	0	0	0	36	16	0	0	0	0	0	0	0	0	0	0	0
9ce873c80cdc64feebb8fc868f9fe072	0	0	0	0	0	0	0	0	0	0	0	0	0	0	0	0	0	0	0	0	0	0	45
3899ae2ed7ccae7deeb91ed4dba17e5e	6	0	0	0	0	0	0	0	0	0	0	0	0	0	0	0	0	0	0	0	0	0	0
64024882e70f3b7a90bb5918918d0160	0	0	0	0	0	0	0	0	0	0	30	0	0	0	0	0	0	0	0	0	0	0	0
52d8cd45be6c2013c8eca2adb52fa418	0	0	0	0	0	0	0	0	0	0	0	0	0	0	0	0	0	0	0	0	26	0	0
c20973acfad5e95c24367230e1895e4c	0	0	0	0	0	0	0	0	0	0	0	0	0	0	0	0	0	0	0	0	51	0	0
371661a475c9c2a0f453d823c1b1388f	0	0	0	0	0	19	0	0	0	0	0	0	0	0	0	0	0	0	0	0	0	0	0
6f7110e5747b918bc2da639ab4bb8c0d	0	0	0	0	0	0	0	0	0	0	149	121	0	0	0	0	0	0	0	0	0	0	0
1911d148970906e405d510e9c3f858bb	0	0	0	0	0	0	0	0	0	0	0	0	0	0	0	0	0	0	0	0	19	0	0
7a0a56bfe86462d8401257b6502fd4dd	0	0	0	0	0	0	20	9	21	13	0	6	7	0	0	45	0	0	0	0	0	0	0
0142e3efbe4c804a7b44f9ddbfc319a6	44	99	605	137	103	730	52	110	0	17	31	0	186	129	59	89	188	258	0	36	79	0	20
a14d4f1427d2192cf54e73897704367d	0	11	0	0	0	0	0	0	0	0	0	0	0	0	0	0	0	0	0	0	0	0	0
0fc85aac1e7f4a6de518d7dd44b72e9d	0	16	0	0	0	0	0	0	0	0	162	162	0	0	0	0	0	0	0	0	0	0	0
68ab9ec7b1e08e1abe20dd457f2ac931	24	0	16	0	0	0	0	0	0	0	0	0	0	0	0	0	0	0	0	0	0	0	20
76e69cc93407dd5c8a9f975bd0ee59c0	50	42	21	6	4	0	0	0	0	0	15	20	13	0	11	0	0	7	0	0	0	0	0
7c08c7830d3b8ca585fe5ac751842d66	6	9	0	0	0	0	0	9	0	0	0	0	0	0	0	0	0	0	0	0	0	0	0
d64c8ba308f193085467876fdb970645	0	7	0	0	0	0	0	0	0	0	0	0	0	0	0	0	0	0	0	0	0	0	0
6961e2b6b3a53cefbf42ce0172b4dcd9	0	0	0	0	0	0	8	0	0	0	0	0	0	0	0	0	0	0	0	0	0	0	0
b727d59663cdd78bfa2131b90dd7b8ac	0	0	0	0	0	0	4	0	1044	30	5	0	0	108	0	0	0	0	0	19	0	822	695
1bea5ccf2dcc065f874e28f58b0a0c65	0	0	0	0	0	0	0	47	0	29	0	0	0	0	0	0	0	13	0	0	0	0	0
5d1ac94d438e579834550e3652b1437c	0	18	0	0	0	0	0	0	0	0	17	10	16	55	30	0	0	0	0	0	40	0	0
11bb58be038678b5e2b1878c01140c05	74	199	110	218	68	0	0	0	0	0	73	43	145	118	290	0	13	0	0	75	0	0	0
f44015dd45e09a3a6e0c4248b42487c2	0	0	0	0	0	0	0	0	0	0	0	0	17	24	32	0	0	0	0	0	0	0	0
892aba51a90c42c52ce7a41e5e9b60f7	0	0	0	0	0	0	0	0	0	0	0	0	0	0	0	0	0	0	0	0	40	0	0
5fd31ff146ae0889f19a3bf52a33429c	0	9	2	0	0	12	0	0	32	0	0	0	0	0	0	4	6	16	0	7	482	646	357
b550ebfd6bef3c85e4b8aeff418f94ea	0	10	0	54	21	0	0	0	0	0	0	0	0	0	0	0	0	0	0	0	0	0	0
d2eb6c0b7246a8fa688fca8581c9fe98	9	0	0	0	0	0	0	0	0	0	0	0	17	0	0	0	0	0	0	0	0	0	0
d30f7b92187d464625cfd47c5b454dab	0	0	15	28	5	0	0	0	0	0	11	12	0	0	0	0	0	0	0	0	0	0	0
c3def7cba0407ac9aa9047ffbe90e5f6	9	0	46	0	166	0	69	0	0	0	60	61	41	8	51	52	127	0	12	0	0	0	1
0c056630ac256b98984501832a64d9bd	45	0	46	46	34	0	0	0	0	0	0	0	0	0	0	0	0	13	0	0	0	0	0
5ff4245599983d6e465e5a13d78b8306	0	0	0	0	0	0	0	7	0	0	0	0	0	0	0	0	0	0	0	0	0	0	0
91e7b820214b19a206dc8115258c9d76	0	0	11	0	9	0	0	0	0	0	0	0	0	0	0	0	0	0	0	0	0	0	0
102a9a41c9b0b45c7c450dce09baf39c	0	0	0	0	0	0	0	0	0	0	0	0	0	0	0	0	0	0	0	0	0	0	71
b96fde782b164fc827853ef696f4551f	0	0	667	66	25	0	13	0	0	0	208	61	258	215	49	0	0	0	0	10	176	191	0
c1bb0e04fd6d78b5d6c142cbd1754e68	0	0	0	0	0	0	0	0	0	0	0	12	68	25	0	0	0	0	0	0	0	0	0
c5a869cf971617feb7dffe8fbc1fc900	0	0	0	0	0	0	0	0	0	0	0	0	0	0	0	49	0	0	0	0	0	0	0
66d339eef55eb8c441e5155da4e8236a	28	22	248	114	30	39	0	24	0	0	10	7	416	520	101	0	0	18	0	8	58	0	63
f1c43ce950cd9675bfc895bbe89e7f4c	0	0	10	0	5	0	0	0	0	0	6	6	0	0	0	0	0	0	0	0	0	0	0
4f870e4c97d8ebd296658af839c73a67	0	0	0	0	0	0	0	0	0	0	0	0	0	0	0	0	0	0	0	0	0	32	0
682e5342211c704576db92e0bb567c8e	233	209	909	963	1903	161	0	0	16	69	100	30	259	100	36	0	9	124	6	25	44	0	23
e425905b16368bd9059e1c961409636e	31	9	38	0	7	0	0	3	0	6	9	0	0	0	0	0	0	0	0	0	0	0	0
c88e50dec056eb2e7c8e1c547b6f3252	35	35	0	48	0	0	0	0	0	0	58	73	27	10	9	0	0	0	0	0	0	0	0
451a9e9b879e836601850fe0340ca3d6	0	0	0	0	0	0	33	0	0	0	0	0	0	0	0	22	95	0	19	14	0	0	0
ec21ef164ee32a57db2e8b1ada07952a	0	0	0	0	0	0	0	0	0	0	0	0	0	0	0	0	0	0	0	0	0	0	20
6a32be47835e174c6854b8307018c78a	0	0	0	0	0	0	0	0	0	0	0	0	0	0	0	0	0	0	0	0	0	0	16
6ba5b33e7e94a239109be035d022c82c	16	10	337	22	16	0	121	142	84	76	9	0	14	0	0	0	0	57	0	0	0	0	0
53818a706e38c1584f139d2f90fbd8df	2030	130	720	1781	1558	193	44	5120	1244	678	187	111	58	31	725	0	88	0	17	26	0	34	0
a59fab75ea4d14b7a714afdc1200eeb7	0	0	0	11	12	0	14	0	0	0	9	0	0	0	112	0	48	4	0	0	0	0	0
417956c1517df6c9b93415d7ed3d5498	11	0	0	0	0	0	0	0	0	0	0	0	0	0	0	0	0	0	0	0	0	0	0
026a3094160fd9af2664cb130a04046e	56	17	209	0	0	7	0	12	0	0	84	99	112	17	10	0	5	8	0	0	0	0	0
372a9b7fec1bd7bfae9495bad1de176f	0	0	0	0	0	0	0	0	0	0	0	0	0	0	0	0	0	0	0	0	0	0	32
7729734fbb9bf255ffb058259638c810	0	0	0	0	0	0	0	0	0	0	0	0	0	0	0	0	0	0	0	0	0	0	46
926e6dcab723e2a97398557c750b9822	0	0	0	0	0	0	0	0	0	0	0	0	0	0	0	0	0	28	0	0	0	0	0
6a5513b494d307e1c4276ff4a6da1d8b	0	0	23	329	311	0	0	0	0	0	0	0	0	0	0	0	0	0	0	0	148	0	43
8decd7165ef30b3619fa53d3254488a2	31	15	7	41	26	0	0	0	0	0	124	158	30	43	38	0	0	0	0	0	0	0	0
c1f062fb0d7b61f306a66be3ea3e2e6f	57	64	14	30	25	0	0	0	0	12	6	0	0	0	0	0	0	0	0	0	0	0	0
b811fe2376902205ea40711600587619	0	0	0	0	0	0	0	0	0	0	0	0	11	18	4	0	0	0	0	0	0	0	0
3fbfe49c7810378593d5c488e9c8bb6b	0	0	0	0	0	0	0	0	0	0	0	0	0	0	0	0	0	0	0	0	38	0	0
cd979c5fe525028480b8b21a3b6f7fde	58	91	0	0	0	0	0	0	0	0	0	0	0	0	0	0	0	0	0	0	0	0	0
5dd067f605af10a11eeb27ca0b3bc447	0	0	0	0	0	0	0	0	0	0	0	0	0	0	0	0	0	0	0	0	0	0	31
579c0435b7480d10a84050699ec2e7fb	21	21	0	0	0	0	0	0	0	0	11	0	0	0	0	0	0	0	0	0	0	0	0
3602956f6d798ebbfc8ddcdb30be49e4	0	0	0	0	0	0	0	0	0	0	0	0	0	0	0	0	0	0	0	0	0	0	55
9b76ec08162c5cc6ff9f43e823de6211	15	36	0	0	0	0	0	0	0	0	12	19	0	0	0	0	0	0	9	0	0	0	0
9a728a77980630504422449d3142b393	25	0	0	66	34	0	0	0	0	0	0	0	0	0	0	0	0	0	0	0	0	0	0
af1fede73a8c5dee69bcd469b7a3fe4b	0	0	0	0	0	58	54	6	30	666	0	0	0	0	0	130	120	217	62	608	0	0	0
49a8240ed1446fafb14242e44c9832c8	0	0	526	0	0	0	13	0	31	60	0	0	307	125	0	0	0	0	0	0	0	0	0
e9813e0cafba8b1a7e6a6a4fdf5ad7dd	0	0	0	0	0	0	0	0	0	0	0	78	50	0	0	0	0	0	0	0	0	0	0
574756d4ac052fc5d1d86c678fd12354	0	0	0	0	0	0	0	0	0	0	0	0	0	0	0	0	0	0	0	0	0	0	23
44ad5d55a596783866b8c24572a8f7c3	0	8	0	0	0	0	0	0	0	0	0	0	0	0	0	0	0	0	0	0	0	0	0
34073696f38ddd18e5c7c8318b4315bb	0	0	0	0	0	0	0	0	0	15	0	0	0	0	0	0	0	11	0	0	0	0	0
4ef3cef2c07bc5bd4f791f20ed91ef48	0	0	0	0	0	33	50	114	0	0	22	14	139	46	7	51	138	0	134	69	0	0	0
c5ca791fa9331edd54315f556bdf3691	0	0	0	0	0	0	0	0	222	7	0	0	0	0	0	0	3	11	0	0	0	74	32
74cc28b68d6b5e8ef310239a0b88607d	0	0	0	0	0	0	0	0	0	0	0	0	0	0	10	0	5	0	0	0	0	0	0
2d8937c0945321b687cf6b33c162d0a5	619	207	0	244	128	0	0	0	0	0	20	18	0	0	11	0	0	0	0	0	0	0	0
cc8fbb0f1a2e94bb248483f71f2ad451	0	0	0	22	0	0	0	0	0	0	0	0	0	0	0	0	0	0	0	0	0	0	0
cfb70479c336df5e9e6e0f0c4c4ebc5a	0	0	0	0	0	0	0	0	0	0	0	0	0	0	0	0	0	0	0	0	0	60	0
91f21ca858779df153e1d2d20f29ac26	0	10	0	0	0	0	0	0	0	0	0	0	0	0	0	0	0	0	0	0	0	0	0
d91bb93f688d4fbaa910dcbc3ff2a055	0	10	0	0	0	0	0	21	0	0	0	0	14	0	0	0	0	0	0	0	0	0	0
95a8e7e37b4e93a4087a5d619589d8e4	0	0	0	0	0	0	0	46	0	0	0	0	0	0	0	0	0	0	0	0	0	0	0
8cfd4109f4544d86cf6dc16617a78977	0	0	0	0	0	0	0	0	15	180	0	0	0	0	0	0	0	29	0	0	0	0	0
9238ce13e0e4139f8a4372880e536bc8	64	31	109	97	84	13	0	0	0	31	42	14	0	8	55	0	0	14	0	0	0	0	21
7b09bc624749198b26138107d91b50d8	68	73	31	0	0	46	0	19	0	4	16	14	0	0	0	0	0	0	0	0	0	0	0
a837e5c80f81e454dcbca9d540107e3a	0	0	0	0	0	0	0	0	0	0	0	11	0	0	0	0	0	0	0	0	0	0	0
ef0df02e9a2fab3e81768f460c53c780	0	0	0	0	0	0	104	0	0	0	0	3	296	104	0	6	108	0	0	0	0	0	2
6ec28eb6534d35e11b82cda18d52c92d	0	0	0	0	0	5	0	0	0	0	0	0	0	13	0	0	10	0	0	58	0	0	0
f39d00915d60dbcfa21b16fd190e50a4	0	0	0	0	0	0	0	12	0	0	0	0	0	0	0	0	0	0	0	0	0	0	0
970f530de3c2fd98fc2fbcd9c548d298	0	10	0	15	0	0	0	0	0	0	44	17	0	0	23	0	0	0	0	0	0	0	0
c607ca463908d557ed7f1bb817c7246f	0	6	0	0	0	0	0	0	0	0	0	0	0	0	0	0	0	0	0	0	0	0	0
eed6ed8abc419dfa59aed7018e5104b1	0	0	0	0	0	0	0	0	0	0	31	23	0	0	0	0	0	0	0	0	0	0	0
4de9603fab9e166178d3f176db87ed30	0	0	0	0	0	0	0	0	0	0	0	0	0	0	0	0	0	0	0	0	0	0	140
2c2a0c9f2613458b9c98dbbf5b828af0	8	0	0	0	11	0	0	0	0	0	0	0	0	0	0	0	0	0	0	0	0	0	0
7fe77472482b3a550b77188e1c68c155	0	0	0	0	0	0	0	0	0	0	0	0	0	0	0	0	0	0	0	0	0	31	22
593175b6dcc0909572f9743e2fbfdaae	0	0	0	0	0	0	0	0	0	0	0	0	0	0	0	0	0	0	0	0	0	56	0
6707892336f64cfe5886e198a792873b	0	0	0	10	0	0	0	0	0	0	0	0	0	0	0	507	14	0	0	0	0	0	0
078b5cc01ce5eaa77eeb5942acbcc155	0	16	0	0	0	0	0	0	0	0	0	0	0	0	0	0	0	0	0	0	0	0	0
7ac4ae86cafe41c61442889cdad58625	0	0	0	0	0	0	0	0	0	0	0	0	0	0	0	0	0	0	0	0	27	0	0
e005d92d7fec1d094360601efde23e9f	29	0	0	0	0	0	0	0	0	0	0	0	0	0	0	0	0	0	0	0	0	0	0
159ea4c28329f3fc47f2dc5014efbdc9	14	0	0	0	8	0	0	0	0	0	0	0	0	0	0	0	0	0	0	0	0	0	0
fddab79ff073446b95c1532828a4d02e	0	0	13	0	0	0	0	0	0	0	0	0	0	0	0	0	0	0	0	0	0	0	0
07446c687e54e7821ac13a6e53f28610	0	0	0	0	0	0	0	0	0	0	29	32	0	0	0	9	0	0	0	0	48	0	0
fa241a8bd5ace6efb2acc927032eaa12	0	0	0	0	0	0	0	0	0	0	0	0	0	0	0	0	0	0	0	0	27	0	0
bc5b746d8edfb9b0445edee4dc59702e	0	0	0	0	6	0	0	0	0	0	0	0	0	0	0	0	0	0	0	0	0	0	0
a88422d6c27e5cb3f1c8a577ea10f7f6	0	0	0	13	49	0	0	0	0	0	0	0	0	0	0	0	0	0	0	0	0	0	0
e7611ccdcd438687315d6a2d2d07bd47	0	0	10	0	0	0	0	0	0	0	0	0	0	0	0	0	0	0	0	0	0	0	0
862ba0f67b51babbe062ba388b0a53c9	0	0	0	0	0	0	0	0	0	0	0	0	0	0	0	0	0	0	0	0	0	0	27
d03f852354f831c0e2177f3b67930e83	0	0	0	0	0	31	0	10	0	6	0	0	0	0	0	0	0	0	0	0	0	0	0
733bb7586fe47d0dc7519a3ab4e1d6e8	0	0	17	0	11	57	0	433	59	23	0	0	0	0	0	0	0	259	0	0	0	0	0
beb30f30d41aacfbb00c7d544efc19f9	0	13	0	0	0	0	0	0	0	0	0	0	0	0	0	0	0	0	0	0	0	0	0
4cf99e88bbe1ddc5977a7c603940eeec	0	0	36	0	0	0	0	0	0	0	26	7	18	5	0	0	0	0	0	0	0	0	0
45c4c1569cd103618d403e976f8dad56	0	0	0	0	0	0	0	0	0	0	0	0	0	0	0	0	0	30	0	0	0	0	0
1d9373931d34e76b6433cf304e681bb7	0	0	0	0	0	0	0	0	0	0	0	0	0	0	0	0	0	0	0	0	7	0	0
c45d52b4cd2022b16b5e4bd5dcd774ad	19	8	0	32	12	0	0	0	0	0	0	0	0	0	0	0	0	0	0	0	0	0	0
2dc2fc59ba37e5ca40c0cef4f75d5fc8	18	13	0	0	0	0	0	0	0	0	0	0	0	0	0	0	0	0	0	0	0	0	0
fb3ba9f3ed9a436d4595b015ea4f258b	9	5	0	0	0	0	0	0	0	0	0	0	0	0	0	0	0	0	0	0	0	0	0
31226fcd1607a9546e1b4c055811ba21	0	0	0	0	0	0	0	0	0	0	0	0	0	0	0	0	0	0	0	0	71	166	67
77b6efdbe1e6d90c43f2fbf3e6534a53	0	0	0	0	0	0	0	0	0	0	0	0	0	0	0	0	0	6	0	0	0	0	0
85dfb383cafbd6fc2c7ed3ad6bc0b9b0	0	0	0	0	0	0	0	0	0	0	0	0	0	0	0	0	0	0	0	0	0	0	35
99664aa88271cbda49314da4a8eb7955	0	0	0	0	21	0	0	0	0	0	0	0	0	0	0	0	0	0	0	0	0	0	0
e3c9fb8d8e882e9f6d98ff1d7c32f03f	107	69	65	190	53	172	535	214	26	1376	29	23	58	43	210	2020	499	1850	948	392	0	0	70
6e5b3b5fa1f9627c6cfc0279b7d8b071	0	0	0	0	0	63	0	43	0	0	0	0	0	0	0	0	22	29	20	0	0	0	0
454c4c1d0119cb25583d6deaaec74066	0	0	0	0	0	0	0	0	0	0	8	0	0	0	0	0	0	0	0	0	0	0	0
cf63179f6eb172dc94cdfa2cb3a780c1	0	0	0	50	59	0	0	0	0	0	0	0	0	24	27	0	0	0	0	13	0	0	201
99a5f5db58e8917ec4704296b94aae2c	6	0	0	0	0	0	0	0	0	0	0	0	0	0	0	0	0	0	0	0	0	0	0
02c7a3fe2b4565fd27ba8687d4ce9d83	0	6	0	0	0	0	0	0	0	0	0	0	0	0	0	0	0	0	0	0	0	0	0
108551344514b94c31ce38aa4bb8ecd5	11	33	255	28	18	0	410	130	0	19	46	27	91	63	30	195	215	43	20	65	0	0	0
b65d855803ec1a51fcfca6f14ce34f6c	0	0	0	0	0	0	0	0	0	0	0	0	0	0	0	0	35	0	63	0	0	0	0
71815b48c56059c6b5259b7e168ef708	0	0	0	0	0	0	0	0	0	0	0	0	0	0	0	0	0	0	0	0	0	0	19
ee0ee459af27c9782ac9e50ceb6464b2	0	0	0	0	126	0	0	0	23	0	0	0	0	0	0	0	0	30	0	0	0	0	0
8fb7c34e9774e0623654d0d5b37d51f7	78	0	0	105	112	101	264	68	110	89	0	0	59	0	0	63	105	0	120	94	0	0	0
4d5157b8ada876e74cc74f7ebea41f29	0	0	0	0	0	0	0	0	0	0	0	0	27	0	12	0	0	6	0	0	0	0	0
43c9222bb2ab7b02a08ee36ba16e05f6	0	0	0	0	0	0	0	0	0	0	0	0	0	0	0	0	12	0	0	0	0	0	0
f6b4bcf2631b590cd73cea6a64d07254	0	0	0	0	0	0	0	0	0	0	0	0	0	0	0	0	0	0	0	0	0	0	20
21933337955353b2bd7c994c7b0cad34	0	0	69	0	0	0	0	0	0	0	8	0	0	0	0	0	0	0	0	0	0	0	0
caf7d91df227a700379a297185e0d1fb	8	84	0	7	0	0	0	0	0	0	0	0	0	0	0	0	0	0	0	0	0	0	0
df3af866cf71556634af6da98036ca90	93	28	82	0	0	0	0	0	0	9	0	0	0	0	0	0	0	0	0	0	0	0	0
5eea17e793b081eefa9ce6e86a408317	0	0	56	0	0	0	0	0	0	0	8	0	40	8	5	0	0	0	0	0	0	0	0
a186fa6df7e7017bee3bc75a85a6a6f3	0	0	0	0	0	0	0	0	0	0	0	0	14	0	0	0	0	0	0	0	0	0	0
ec95ad96685d4ce4a4f030b8983917c8	17	11	0	0	0	0	0	0	0	0	0	0	0	0	0	0	0	0	0	0	0	0	0
ef5b9742902472953b24bf7ff1ef843e	201	255	86	63	24	0	0	0	0	0	152	131	0	0	22	0	0	27	0	0	35	0	0
573dc137d974565bd3033c1e32f738fa	0	0	11	0	0	0	0	0	0	0	0	0	0	0	0	0	0	0	0	0	0	0	0
b322430d32964488d04e33a460ec881b	45	34	30	62	66	0	25	20	0	10	10	0	0	0	24	22	8	0	0	0	0	0	8
af1d594c28158e08139b3dc6d581e059	14	0	0	0	0	0	0	0	0	0	0	0	0	0	0	0	0	0	0	0	0	0	0
bbb6fe06def8ca944b266a6443f39818	0	0	9	0	0	0	0	0	0	0	0	0	0	0	0	0	0	0	0	0	0	0	0
e0cc6a95596c1068ec99eb67cea8d93e	102	107	52	404	252	2003	18	0	199	0	107	53	143	74	267	0	291	106	193	0	0	0	62
c52c8697b6bd962b261582e3e7756791	284	48	50	0	0	25	0	0	0	88	0	0	0	0	0	0	0	0	0	0	0	0	0
2faa26b1a1f113e909cee7622ffcc5d2	0	0	0	0	0	0	0	0	0	0	0	0	0	0	0	0	0	17	0	0	0	0	0
782fe22a137987b6998cc823fa7175a4	0	0	0	0	0	48	0	0	0	0	0	0	0	0	0	0	0	0	0	0	0	0	0
cfe66360a7df8328fe6336e9b8b4503a	64	38	9	804	759	0	0	0	0	0	106	13	40	401	75	0	0	0	0	0	89	0	97
706e089b3e9e02862a22cba464ab9f94	24	17	0	0	0	0	0	0	0	0	0	0	0	0	0	0	0	0	0	0	0	0	0
04ff0f2ea6a3e5c915e15684499b2959	0	0	7	0	0	0	0	0	0	0	0	0	0	0	0	0	0	0	0	0	0	0	0
e3ccd523726e70180b65ce7877290c7b	18	0	0	0	0	0	0	0	0	0	42	79	0	0	9	0	0	0	0	0	0	0	0
84a9a30a30af9d0b4fb0f6227c87bc51	0	0	18	0	0	8	0	31	5	14	0	0	0	0	0	0	0	0	0	0	0	0	0
54ee21b49c924e03ffba8379ad8588a0	0	0	0	0	0	0	0	0	0	0	0	0	0	0	0	0	0	0	0	0	0	0	17
c9369e8c42d282eafbddd43e014f9a45	0	0	0	0	0	0	0	0	0	0	26	64	119	9	0	0	0	0	0	0	0	0	0
5553c18fc4321f93040ac02698a42fc6	0	0	0	0	0	0	0	0	0	0	0	0	13	17	0	0	0	0	0	0	0	0	0
9bb32d6c2702e4b387e9c41619583e66	69	10	75	0	7	230	122	128	85	74	0	0	0	0	0	0	0	630	0	0	0	0	0
0dfd415f0a6e73adcf8da1d2c845282b	0	0	0	0	0	0	0	0	0	0	0	0	0	0	0	0	0	0	0	0	0	0	26
5912dd566dffcc86d12c718dd15c9901	22	0	142	0	0	0	0	0	0	47	0	0	0	0	0	0	0	0	0	0	0	0	0
78508c2e92138400cfe5c18db38f3965	8	10	0	0	0	0	0	0	0	0	0	0	0	4	0	0	0	0	0	0	0	0	0
8fb50bdde508264892674f1dc073a436	0	0	0	0	0	0	0	5	0	0	12	0	0	8	9	0	0	0	0	0	0	0	40
b6289c8879c45d87444103aaaa845669	0	0	0	0	0	29	0	95	0	0	0	0	0	0	0	0	0	0	0	0	0	0	0
4dd6f010655128ab308aaa4aea61e15f	0	0	0	0	0	0	0	0	0	0	0	0	0	0	4	0	0	0	0	0	0	0	0
34d4b343ca41ca143fcdea9c9cb229b1	0	0	0	0	0	0	0	0	0	0	0	0	0	0	0	0	0	0	0	0	0	0	17
ff7c081b2302200a8e473b5df0091109	7	0	0	0	0	0	0	0	0	0	0	0	0	0	0	0	0	0	0	0	0	0	0
79346fe4876640613032cff033e9cd5b	28	41	22	13	8	31	0	0	0	24	240	187	14	8	38	0	108	0	0	54	0	0	0
cf77d06c40fa9994c61d327ed719c72a	0	0	0	0	0	0	0	0	14	0	0	0	0	0	0	0	0	0	0	0	0	0	139
616612cb413106398e6448fc855a0680	0	0	0	0	0	0	0	0	0	0	0	0	0	0	0	0	0	0	0	0	0	0	53
7909c43cf4f8ab2711ae8ff4c460d5cf	0	0	0	0	0	0	0	0	0	0	0	0	12	0	0	0	0	0	0	0	0	0	0
43332b617e545d6e53874f43424fbfd4	0	0	0	0	0	0	0	0	0	0	0	0	0	0	0	0	0	0	0	0	0	0	67
b76134fc7374db5c97d0602d22c817be	0	0	0	0	0	20	0	0	0	6	0	6	0	0	0	0	0	0	0	0	0	0	0
4b3790272a59e9bcc056869a80332005	0	0	0	0	0	59	0	0	0	14	0	0	0	0	0	0	0	0	384	0	0	0	0
8dcda56fb79df16c4995bc5b5ce6053a	0	0	0	0	0	0	0	0	0	0	0	0	0	0	0	0	0	0	0	0	25	0	0
7acd8c589916a324e13cf36b9fa13258	20	17	0	0	0	0	0	0	0	0	0	0	0	0	0	0	0	0	0	0	0	0	0
e0913b7eea4e8319c6c4361ca653df9c	0	0	0	0	0	0	0	0	0	0	0	0	0	0	0	0	0	0	0	0	0	0	28
96a30604bc047c62c1038756a2408ead	0	0	0	84	125	0	0	0	0	0	0	0	0	0	0	0	0	0	0	0	0	0	0
64327a21fdd074ef4ab5274a8c1aed27	0	0	0	0	0	0	0	0	0	0	0	0	0	4	0	97	100	0	45	33	0	0	0
fbd0678581bb0454f7fcfeca7cadd288	0	0	0	0	0	0	0	0	0	0	0	0	0	0	0	0	0	0	0	0	0	126	0
962ddc66edda3b1b229d818c1c732b19	0	0	0	0	0	0	0	0	0	0	0	0	0	0	148	0	0	0	0	0	0	0	0
b4619143f54f42af987d4fe74c8a82a6	38	0	0	0	0	0	0	0	0	0	0	0	0	0	0	0	0	0	0	0	0	0	0
036c25714c3a550c732bb3fb065c2637	0	0	0	7	0	0	7	0	3303	75	7	0	0	78	0	0	40	49	13	102	0	413	395
e5e871d73d077ec828dcd4f5bf943f25	0	0	0	0	0	0	0	0	0	0	0	0	0	0	0	0	0	0	0	0	0	0	26
fbdbff40817ccabee67dc354ae74668b	16	29	0	4	0	0	0	0	0	0	0	0	0	0	0	0	0	0	0	0	0	0	0
ac3157af1e921ae067030f47ae86ceb8	40	0	0	0	0	33	32	15	49	0	16	13	40	19	0	50	73	39	107	26	0	0	0
904893a5945a58ab0d5f1107ee9c3b22	10	0	0	0	0	0	0	0	0	0	0	0	0	0	0	0	0	0	0	0	0	0	0
85b851d94cef3b57879f055a18e95b38	0	0	0	0	0	0	0	0	0	0	12	0	0	0	0	0	0	0	0	0	0	0	0
741efb4d61309e26f24aa026676f62a6	0	0	25	0	0	0	0	345	0	0	0	0	0	0	0	0	0	0	0	0	0	0	0
294bfe80ae3edb2e553cf574472ed09e	77	120	141	10	0	0	0	0	0	0	123	104	117	189	113	0	0	0	0	0	152	0	45
5ddc15aa17badedf77d6d48b0f759651	0	0	0	0	0	0	0	0	0	0	0	0	0	0	0	0	0	0	0	0	0	0	23
ddb56ceab2c7090fab48d67c08912c7b	61	0	10	13	11	0	0	0	0	18	0	0	0	0	0	0	0	2	0	0	0	0	0
01f61cf357a9ed5d15924880eb33db68	0	0	0	0	0	0	0	0	0	0	0	0	0	24	0	0	0	0	0	0	0	0	0
cd390e8db1a56013cda5a83fa5efaeba	207	20	136	33	32	9	0	175	17	75	0	0	0	0	0	0	0	15	0	0	0	0	0
11f1af144b3c549c0ce437caf27f7bd6	0	0	0	0	0	0	0	0	0	0	0	0	0	0	0	0	0	0	0	0	44	261	39